ID_Funcionario,Nome,Genero,Etnia,Data_Nascimento,Departamento,Cargo,Salario_Base,Data_Contratacao,Status,Data_Demissao
1,Colaborador 1,Masculino,Branca,1979-11-04,Operações,Analista Pleno,3081,2024-11-28,Ativo,
2,Colaborador 2,Feminino,Branca,1983-04-04,Marketing,Analista Jr,8175,2022-08-16,Ativo,
3,Colaborador 3,Feminino,Branca,1973-11-10,Marketing,Analista Pleno,11532,2020-04-14,Ativo,
4,Colaborador 4,Feminino,Indígena,2005-07-30,Operações,Analista Pleno,7847,2020-07-20,Ativo,
5,Colaborador 5,Masculino,Amarela,1982-07-03,Financeiro,Analista Pleno,12411,2021-03-25,Desligado,2023-02-06
6,Colaborador 6,Masculino,Indígena,2001-03-01,Financeiro,Analista Pleno,5143,2023-07-13,Ativo,
7,Colaborador 7,Masculino,Amarela,1982-04-19,Financeiro,Analista Senior,10517,2022-06-28,Ativo,
8,Colaborador 8,Feminino,Indígena,1974-04-05,TI,Analista Jr,4797,2020-07-28,Ativo,
9,Colaborador 9,Feminino,Indígena,2009-12-18,Financeiro,Analista Senior,3374,2021-07-16,Ativo,
10,Colaborador 10,Feminino,Parda,1972-03-15,RH,Estagiário,8060,2023-02-15,Ativo,
11,Colaborador 11,Masculino,Indígena,2006-03-14,Vendas,Gerente,3189,2021-12-13,Ativo,
12,Colaborador 12,Não-binário,Preta,1973-07-03,Financeiro,Analista Pleno,6500,2023-11-01,Desligado,2026-03-15
13,Colaborador 13,Feminino,Parda,2008-06-15,Operações,Analista Jr,13833,2024-04-23,Ativo,
14,Colaborador 14,Masculino,Indígena,2006-02-13,Vendas,Analista Jr,12114,2024-04-12,Ativo,
15,Colaborador 15,Masculino,Branca,2006-08-04,TI,Analista Pleno,3171,2022-02-09,Ativo,
16,Colaborador 16,Masculino,Preta,1989-05-24,Operações,Analista Jr,10427,2023-01-12,Ativo,
17,Colaborador 17,Masculino,Preta,1986-05-23,Vendas,Analista Jr,3671,2021-03-29,Desligado,2022-10-16
18,Colaborador 18,Feminino,Preta,1985-05-21,Operações,Analista Pleno,8091,2021-10-28,Ativo,
19,Colaborador 19,Masculino,Parda,2002-03-23,TI,Analista Pleno,14418,2021-09-20,Ativo,
20,Colaborador 20,Masculino,Indígena,2000-05-16,RH,Analista Pleno,11635,2024-03-17,Desligado,2026-05-08
21,Colaborador 21,Feminino,Indígena,1973-10-19,TI,Gerente,8842,2024-06-16,Ativo,
22,Colaborador 22,Masculino,Branca,2007-03-19,TI,Analista Pleno,3949,2024-08-28,Ativo,
23,Colaborador 23,Masculino,Branca,2005-04-07,Operações,Analista Pleno,14429,2021-01-21,Ativo,
24,Colaborador 24,Masculino,Preta,1999-12-28,Marketing,Estagiário,5039,2023-10-05,Ativo,
25,Colaborador 25,Masculino,Branca,1977-05-03,Financeiro,Analista Pleno,6459,2020-10-22,Ativo,
26,Colaborador 26,Feminino,Parda,1975-10-08,Financeiro,Analista Jr,8785,2020-09-14,Ativo,
27,Colaborador 27,Masculino,Indígena,1992-05-18,RH,Gerente,7932,2023-01-09,Ativo,
28,Colaborador 28,Feminino,Preta,1981-07-25,RH,Analista Senior,6760,2020-09-24,Ativo,
29,Colaborador 29,Feminino,Branca,1983-03-25,Financeiro,Analista Pleno,4861,2021-02-22,Ativo,
30,Colaborador 30,Masculino,Parda,1977-07-31,Marketing,Estagiário,8664,2020-08-22,Ativo,
31,Colaborador 31,Feminino,Parda,2003-04-03,Financeiro,Analista Senior,14344,2023-08-27,Ativo,
32,Colaborador 32,Masculino,Branca,1978-09-22,Marketing,Analista Senior,6170,2022-09-12,Desligado,2025-03-29
33,Colaborador 33,Masculino,Indígena,2001-05-30,RH,Analista Jr,4253,2023-10-12,Ativo,
34,Colaborador 34,Feminino,Branca,1977-01-17,Vendas,Analista Jr,10600,2023-05-21,Ativo,
35,Colaborador 35,Não-binário,Preta,2005-01-25,Operações,Analista Senior,13044,2021-07-27,Desligado,2024-03-08
36,Colaborador 36,Feminino,Branca,1977-02-12,RH,Analista Jr,4438,2020-02-18,Ativo,
37,Colaborador 37,Masculino,Parda,1981-01-16,RH,Gerente,11062,2023-02-24,Ativo,
38,Colaborador 38,Masculino,Branca,1993-01-28,TI,Analista Jr,8476,2020-08-10,Desligado,2022-12-28
39,Colaborador 39,Feminino,Indígena,1973-07-28,TI,Estagiário,12623,2022-07-09,Ativo,
40,Colaborador 40,Masculino,Amarela,2001-10-27,TI,Analista Senior,9088,2023-07-26,Ativo,
41,Colaborador 41,Masculino,Branca,1990-03-05,Operações,Analista Jr,11116,2023-12-02,Ativo,
42,Colaborador 42,Feminino,Indígena,1986-02-03,TI,Analista Pleno,8804,2024-03-08,Desligado,2026-01-10
43,Colaborador 43,Masculino,Indígena,1973-07-25,Marketing,Estagiário,9845,2023-08-10,Desligado,2025-06-09
44,Colaborador 44,Feminino,Parda,1976-12-16,Financeiro,Estagiário,10375,2020-10-03,Ativo,
45,Colaborador 45,Masculino,Indígena,1975-08-14,Vendas,Analista Pleno,11586,2024-01-01,Ativo,
46,Colaborador 46,Feminino,Indígena,1988-08-23,RH,Analista Pleno,9133,2023-02-04,Ativo,
47,Colaborador 47,Masculino,Indígena,1993-08-21,Marketing,Analista Pleno,3097,2024-08-08,Ativo,
48,Colaborador 48,Feminino,Indígena,1998-02-11,Vendas,Analista Senior,5562,2021-02-23,Desligado,2023-08-12
49,Colaborador 49,Feminino,Preta,2001-02-19,Marketing,Analista Pleno,4836,2021-09-02,Ativo,
50,Colaborador 50,Masculino,Preta,1999-09-15,Marketing,Analista Jr,12379,2023-12-23,Ativo,
51,Colaborador 51,Não-binário,Parda,2002-10-30,RH,Analista Jr,3072,2021-01-09,Ativo,
52,Colaborador 52,Feminino,Branca,1994-08-19,Financeiro,Gerente,10021,2020-03-13,Ativo,
53,Colaborador 53,Feminino,Indígena,1970-03-16,TI,Analista Senior,8671,2024-07-15,Ativo,
54,Colaborador 54,Feminino,Branca,1989-02-11,Operações,Analista Pleno,9597,2022-11-19,Ativo,
55,Colaborador 55,Feminino,Branca,1998-05-21,Financeiro,Analista Jr,4590,2023-04-26,Desligado,2024-01-03
56,Colaborador 56,Feminino,Parda,2003-03-05,Operações,Analista Jr,9066,2023-10-19,Ativo,
57,Colaborador 57,Masculino,Indígena,1998-02-24,RH,Analista Pleno,14361,2024-01-14,Ativo,
58,Colaborador 58,Masculino,Indígena,1984-12-28,RH,Analista Senior,14964,2020-07-13,Ativo,
59,Colaborador 59,Masculino,Amarela,1992-07-16,RH,Analista Pleno,7124,2023-03-25,Ativo,
60,Colaborador 60,Masculino,Branca,1998-02-16,Vendas,Analista Senior,4133,2023-04-10,Ativo,
61,Colaborador 61,Masculino,Branca,1989-09-02,Operações,Analista Senior,4017,2022-04-26,Ativo,
62,Colaborador 62,Masculino,Preta,1985-11-14,Financeiro,Estagiário,14985,2022-11-30,Desligado,2024-10-18
63,Colaborador 63,Feminino,Amarela,1989-07-21,Financeiro,Analista Jr,13349,2022-12-22,Ativo,
64,Colaborador 64,Masculino,Preta,2007-06-25,Marketing,Analista Jr,6148,2020-01-23,Ativo,
65,Colaborador 65,Masculino,Preta,2005-04-02,Marketing,Analista Jr,14280,2020-12-25,Ativo,
66,Colaborador 66,Feminino,Preta,1974-06-11,Marketing,Analista Senior,4037,2023-01-03,Ativo,
67,Colaborador 67,Masculino,Parda,1992-01-07,RH,Analista Pleno,5637,2021-07-13,Ativo,
68,Colaborador 68,Feminino,Parda,1970-12-08,Financeiro,Analista Pleno,9485,2021-11-02,Desligado,2023-05-25
69,Colaborador 69,Masculino,Preta,2003-07-11,Operações,Analista Jr,2597,2023-02-15,Ativo,
70,Colaborador 70,Não-binário,Amarela,1975-09-06,RH,Analista Jr,13907,2024-06-23,Ativo,
71,Colaborador 71,Feminino,Branca,1991-11-19,Vendas,Analista Jr,6250,2023-11-04,Desligado,2026-01-10
72,Colaborador 72,Masculino,Amarela,1971-10-08,Marketing,Analista Jr,13849,2021-11-09,Ativo,
73,Colaborador 73,Masculino,Indígena,2005-08-23,RH,Analista Pleno,11035,2023-08-06,Ativo,
74,Colaborador 74,Feminino,Parda,1981-09-03,RH,Analista Jr,10674,2021-03-15,Ativo,
75,Colaborador 75,Feminino,Branca,1994-02-05,Vendas,Analista Pleno,10603,2024-08-18,Ativo,
76,Colaborador 76,Feminino,Branca,2009-12-25,TI,Estagiário,7913,2022-07-21,Ativo,
77,Colaborador 77,Feminino,Indígena,2008-06-30,Financeiro,Estagiário,7166,2020-01-07,Ativo,
78,Colaborador 78,Masculino,Indígena,1986-10-20,Operações,Analista Jr,3110,2023-05-04,Ativo,
79,Colaborador 79,Masculino,Preta,1993-09-03,TI,Analista Pleno,4227,2021-02-24,Ativo,
80,Colaborador 80,Masculino,Parda,2000-07-07,Marketing,Analista Pleno,12982,2024-05-10,Ativo,
81,Colaborador 81,Feminino,Parda,1997-02-08,RH,Analista Jr,4354,2022-04-12,Ativo,
82,Colaborador 82,Feminino,Amarela,2001-12-08,Vendas,Analista Jr,13300,2023-05-01,Ativo,
83,Colaborador 83,Masculino,Preta,1978-02-17,Vendas,Analista Pleno,7555,2021-07-12,Ativo,
84,Colaborador 84,Masculino,Preta,1978-04-17,Financeiro,Estagiário,12771,2023-03-17,Ativo,
85,Colaborador 85,Masculino,Preta,1990-12-05,TI,Analista Jr,4824,2024-08-19,Ativo,
86,Colaborador 86,Masculino,Preta,2005-07-25,Financeiro,Analista Senior,11869,2023-05-10,Ativo,
87,Colaborador 87,Feminino,Parda,1977-05-05,RH,Analista Pleno,11783,2024-01-07,Ativo,
88,Colaborador 88,Feminino,Parda,1979-12-09,Financeiro,Analista Jr,8274,2022-07-02,Ativo,
89,Colaborador 89,Feminino,Preta,2008-01-09,Operações,Gerente,9019,2023-12-13,Ativo,
90,Colaborador 90,Masculino,Amarela,1981-07-27,Vendas,Analista Senior,13483,2023-12-21,Ativo,
91,Colaborador 91,Masculino,Branca,1978-05-26,Vendas,Analista Jr,4249,2022-10-03,Ativo,
92,Colaborador 92,Feminino,Branca,1986-04-08,Marketing,Analista Pleno,13367,2024-02-11,Ativo,
93,Colaborador 93,Feminino,Amarela,1973-10-18,Marketing,Analista Pleno,3281,2024-02-07,Ativo,
94,Colaborador 94,Feminino,Preta,2002-10-08,RH,Analista Jr,10048,2020-05-05,Ativo,
95,Colaborador 95,Feminino,Parda,1977-11-06,Operações,Analista Jr,13740,2021-01-29,Ativo,
96,Colaborador 96,Feminino,Branca,1983-02-10,TI,Analista Jr,9323,2022-03-27,Ativo,
97,Colaborador 97,Feminino,Indígena,2001-08-21,Financeiro,Analista Pleno,4605,2022-05-30,Ativo,
98,Colaborador 98,Masculino,Indígena,1985-01-12,RH,Analista Jr,6367,2021-07-29,Desligado,2022-11-15
99,Colaborador 99,Masculino,Amarela,2005-10-25,Marketing,Analista Senior,9693,2020-11-20,Ativo,
100,Colaborador 100,Masculino,Preta,1981-04-17,Financeiro,Analista Pleno,7476,2023-11-16,Ativo,
101,Colaborador 101,Masculino,Branca,1992-11-01,Marketing,Estagiário,4613,2022-07-18,Ativo,
102,Colaborador 102,Feminino,Preta,1980-07-17,Financeiro,Analista Pleno,8379,2024-09-07,Ativo,
103,Colaborador 103,Masculino,Branca,1984-10-29,TI,Analista Jr,6470,2024-07-09,Ativo,
104,Colaborador 104,Feminino,Amarela,1998-01-24,RH,Analista Pleno,12683,2024-01-03,Ativo,
105,Colaborador 105,Feminino,Amarela,1991-01-10,Financeiro,Analista Pleno,11759,2023-05-12,Ativo,
106,Colaborador 106,Masculino,Indígena,1988-09-02,Operações,Analista Jr,9764,2024-02-18,Ativo,
107,Colaborador 107,Masculino,Preta,1995-07-17,Vendas,Analista Pleno,4077,2022-04-12,Ativo,
108,Colaborador 108,Feminino,Indígena,1992-12-09,Operações,Analista Jr,11703,2022-11-20,Ativo,
109,Colaborador 109,Masculino,Preta,2000-03-30,Operações,Estagiário,4774,2023-11-12,Ativo,
110,Colaborador 110,Masculino,Indígena,1995-11-08,Vendas,Analista Jr,7369,2024-07-06,Ativo,
111,Colaborador 111,Masculino,Parda,1973-08-26,Operações,Analista Jr,12506,2023-12-28,Ativo,
112,Colaborador 112,Masculino,Parda,2003-11-29,Financeiro,Diretor,9244,2022-04-16,Ativo,
113,Colaborador 113,Feminino,Parda,1981-05-13,Financeiro,Analista Jr,4926,2022-07-14,Ativo,
114,Colaborador 114,Feminino,Parda,1988-07-11,Financeiro,Analista Jr,8046,2023-10-31,Ativo,
115,Colaborador 115,Feminino,Branca,1977-06-04,Vendas,Analista Pleno,9352,2023-09-29,Ativo,
116,Colaborador 116,Feminino,Parda,1983-04-16,Operações,Estagiário,5051,2021-03-18,Ativo,
117,Colaborador 117,Feminino,Amarela,2004-10-02,Vendas,Gerente,8911,2024-05-21,Ativo,
118,Colaborador 118,Masculino,Amarela,1987-01-04,Financeiro,Analista Pleno,14349,2020-03-15,Ativo,
119,Colaborador 119,Feminino,Branca,1990-06-24,Operações,Analista Senior,2507,2021-07-10,Ativo,
120,Colaborador 120,Feminino,Parda,1984-10-22,Operações,Analista Jr,10587,2024-11-30,Ativo,
121,Colaborador 121,Feminino,Parda,1997-04-26,Marketing,Analista Jr,5055,2024-08-16,Ativo,
122,Colaborador 122,Feminino,Parda,1991-02-15,Marketing,Analista Jr,2975,2023-03-24,Ativo,
123,Colaborador 123,Masculino,Indígena,1994-06-26,TI,Analista Senior,7916,2023-12-24,Ativo,
124,Colaborador 124,Masculino,Preta,1974-10-29,RH,Estagiário,12903,2020-12-28,Ativo,
125,Colaborador 125,Masculino,Indígena,2003-03-01,Marketing,Analista Jr,11176,2021-03-23,Desligado,2022-09-22
126,Colaborador 126,Masculino,Preta,1989-06-11,Vendas,Diretor,9739,2023-06-11,Ativo,
127,Colaborador 127,Feminino,Parda,1991-01-05,Marketing,Analista Pleno,9210,2024-05-05,Ativo,
128,Colaborador 128,Feminino,Parda,2004-08-22,TI,Analista Jr,7500,2020-09-18,Ativo,
129,Colaborador 129,Masculino,Indígena,1986-10-06,Operações,Estagiário,7154,2020-05-04,Ativo,
130,Colaborador 130,Feminino,Indígena,1971-04-27,TI,Gerente,10578,2022-06-29,Ativo,
131,Colaborador 131,Masculino,Preta,2009-10-19,Operações,Estagiário,8563,2020-09-01,Desligado,2023-05-04
132,Colaborador 132,Masculino,Amarela,1970-06-03,Operações,Analista Pleno,4785,2021-06-25,Ativo,
133,Colaborador 133,Masculino,Preta,1990-11-09,RH,Analista Senior,7723,2021-04-29,Ativo,
134,Colaborador 134,Masculino,Indígena,1974-03-05,Marketing,Analista Jr,9471,2020-05-01,Ativo,
135,Colaborador 135,Feminino,Indígena,1975-10-22,Vendas,Analista Pleno,6025,2020-05-04,Ativo,
136,Colaborador 136,Masculino,Branca,1976-06-01,Vendas,Estagiário,14031,2024-04-21,Ativo,
137,Colaborador 137,Feminino,Indígena,1984-01-24,Financeiro,Analista Jr,5322,2020-06-18,Ativo,
138,Colaborador 138,Feminino,Branca,1985-10-09,Operações,Analista Senior,7443,2020-05-03,Ativo,
139,Colaborador 139,Masculino,Amarela,1973-05-25,Vendas,Analista Senior,9030,2022-11-24,Ativo,
140,Colaborador 140,Não-binário,Preta,1970-03-02,RH,Analista Pleno,13616,2023-01-15,Ativo,
141,Colaborador 141,Não-binário,Preta,1994-12-31,Operações,Analista Pleno,2758,2021-10-07,Ativo,
142,Colaborador 142,Masculino,Branca,1974-06-28,RH,Analista Jr,2782,2024-09-27,Ativo,
143,Colaborador 143,Feminino,Preta,1986-12-08,Vendas,Estagiário,4398,2022-02-24,Ativo,
144,Colaborador 144,Masculino,Indígena,2003-09-17,Vendas,Estagiário,6635,2020-07-19,Ativo,
145,Colaborador 145,Masculino,Parda,2006-07-21,Financeiro,Analista Jr,9129,2021-01-03,Ativo,
146,Colaborador 146,Masculino,Branca,1991-10-28,Vendas,Analista Jr,13668,2022-03-07,Ativo,
147,Colaborador 147,Feminino,Preta,2004-01-01,Operações,Analista Jr,12959,2020-03-17,Ativo,
148,Colaborador 148,Feminino,Branca,2002-03-15,Operações,Analista Jr,5700,2020-02-28,Ativo,
149,Colaborador 149,Masculino,Branca,1973-06-06,Operações,Analista Jr,7610,2021-03-06,Desligado,2023-07-27
150,Colaborador 150,Masculino,Parda,1981-07-05,Financeiro,Analista Pleno,9667,2021-09-29,Ativo,
151,Colaborador 151,Feminino,Indígena,1992-11-24,Financeiro,Analista Senior,3112,2024-03-03,Ativo,
152,Colaborador 152,Masculino,Branca,1996-06-03,Vendas,Analista Jr,3187,2020-04-18,Ativo,
153,Colaborador 153,Masculino,Preta,1979-09-20,TI,Gerente,6190,2024-10-25,Ativo,
154,Colaborador 154,Feminino,Amarela,1981-06-29,TI,Analista Senior,11304,2022-10-04,Desligado,2024-10-01
155,Colaborador 155,Não-binário,Branca,1989-03-11,Financeiro,Analista Jr,4807,2023-07-25,Ativo,
156,Colaborador 156,Masculino,Branca,1988-04-03,Vendas,Analista Senior,9633,2020-03-08,Ativo,
157,Colaborador 157,Feminino,Parda,1976-05-11,TI,Analista Pleno,13705,2022-12-28,Ativo,
158,Colaborador 158,Feminino,Indígena,1996-11-28,Vendas,Analista Pleno,9009,2023-04-03,Ativo,
159,Colaborador 159,Masculino,Amarela,2000-12-16,Vendas,Analista Jr,12473,2024-02-21,Ativo,
160,Colaborador 160,Feminino,Preta,1981-03-14,Vendas,Analista Pleno,8406,2020-10-31,Ativo,
161,Colaborador 161,Masculino,Amarela,1989-01-21,Marketing,Analista Jr,5091,2021-11-04,Ativo,
162,Colaborador 162,Feminino,Preta,1978-03-24,Operações,Analista Pleno,13388,2020-12-30,Ativo,
163,Colaborador 163,Feminino,Indígena,1984-01-24,Vendas,Analista Pleno,14650,2022-03-31,Ativo,
164,Colaborador 164,Feminino,Preta,1970-11-26,Marketing,Analista Pleno,9683,2023-11-03,Ativo,
165,Colaborador 165,Masculino,Parda,1979-12-20,Financeiro,Analista Pleno,7748,2020-12-08,Desligado,2023-03-16
166,Colaborador 166,Feminino,Parda,2003-02-03,TI,Analista Pleno,11266,2022-08-04,Desligado,2024-08-20
167,Colaborador 167,Masculino,Parda,2007-10-22,Operações,Estagiário,12602,2022-06-17,Ativo,
168,Colaborador 168,Masculino,Parda,1991-11-09,TI,Analista Jr,7608,2024-04-26,Ativo,
169,Colaborador 169,Masculino,Amarela,1981-03-31,Operações,Analista Senior,6104,2023-10-09,Ativo,
170,Colaborador 170,Feminino,Indígena,1973-09-03,TI,Analista Jr,3169,2023-12-10,Ativo,
171,Colaborador 171,Feminino,Preta,2002-06-17,Operações,Estagiário,6864,2023-02-06,Ativo,
172,Colaborador 172,Masculino,Preta,1993-01-07,TI,Analista Jr,9829,2024-05-05,Ativo,
173,Colaborador 173,Feminino,Parda,1970-12-05,TI,Analista Jr,3783,2022-01-31,Ativo,
174,Colaborador 174,Masculino,Parda,1986-02-21,TI,Gerente,3423,2024-02-29,Ativo,
175,Colaborador 175,Feminino,Branca,2003-07-21,TI,Analista Pleno,3625,2020-12-06,Ativo,
176,Colaborador 176,Masculino,Indígena,1977-06-01,Financeiro,Gerente,4029,2022-07-30,Ativo,
177,Colaborador 177,Feminino,Amarela,2001-01-22,Vendas,Analista Pleno,12286,2021-01-17,Ativo,
178,Colaborador 178,Masculino,Preta,1974-10-17,RH,Analista Pleno,10938,2022-09-30,Ativo,
179,Colaborador 179,Feminino,Branca,1985-05-06,Marketing,Analista Jr,6211,2024-04-05,Ativo,
180,Colaborador 180,Masculino,Branca,1976-08-18,RH,Analista Pleno,10504,2020-10-26,Ativo,
181,Colaborador 181,Masculino,Preta,1989-06-29,RH,Estagiário,12252,2020-05-18,Ativo,
182,Colaborador 182,Masculino,Amarela,1994-05-16,Operações,Analista Senior,8774,2020-12-24,Ativo,
183,Colaborador 183,Feminino,Branca,1984-07-25,Vendas,Analista Senior,13092,2022-04-15,Ativo,
184,Colaborador 184,Feminino,Branca,1988-02-05,Operações,Analista Jr,12935,2024-03-02,Ativo,
185,Colaborador 185,Masculino,Indígena,2006-09-09,Vendas,Gerente,6364,2023-11-09,Ativo,
186,Colaborador 186,Feminino,Amarela,1984-10-01,Vendas,Analista Senior,12631,2024-06-15,Ativo,
187,Colaborador 187,Feminino,Branca,2002-08-19,TI,Analista Pleno,10333,2023-07-27,Ativo,
188,Colaborador 188,Feminino,Amarela,2002-05-27,Financeiro,Estagiário,13761,2024-07-18,Ativo,
189,Colaborador 189,Feminino,Preta,1980-12-07,TI,Analista Pleno,9288,2021-04-27,Ativo,
190,Colaborador 190,Masculino,Parda,1993-10-07,Financeiro,Analista Pleno,2726,2022-06-27,Desligado,2023-06-28
191,Colaborador 191,Masculino,Branca,1992-01-10,Operações,Analista Jr,14239,2023-02-08,Ativo,
192,Colaborador 192,Feminino,Indígena,2007-12-02,Financeiro,Estagiário,2764,2022-05-15,Ativo,
193,Colaborador 193,Feminino,Preta,1992-07-22,Operações,Analista Senior,12087,2020-05-18,Ativo,
194,Colaborador 194,Feminino,Amarela,2001-08-17,RH,Estagiário,14249,2022-09-22,Ativo,
195,Colaborador 195,Masculino,Preta,1983-05-06,RH,Analista Pleno,3145,2021-03-10,Ativo,
196,Colaborador 196,Masculino,Branca,2006-06-28,Financeiro,Gerente,10044,2021-05-23,Ativo,
197,Colaborador 197,Feminino,Amarela,1983-02-28,Financeiro,Analista Senior,8069,2020-09-29,Ativo,
198,Colaborador 198,Feminino,Parda,1993-07-11,Operações,Analista Jr,5490,2023-01-27,Ativo,
199,Colaborador 199,Feminino,Preta,2003-05-10,TI,Analista Senior,12591,2024-11-22,Desligado,2027-06-29
200,Colaborador 200,Feminino,Branca,1986-03-11,Operações,Estagiário,5004,2020-04-13,Ativo,
201,Colaborador 201,Feminino,Indígena,1989-07-04,TI,Estagiário,13464,2023-05-22,Ativo,
202,Colaborador 202,Masculino,Amarela,1978-08-24,RH,Analista Pleno,11846,2024-11-19,Ativo,
203,Colaborador 203,Masculino,Preta,2004-04-29,Vendas,Analista Jr,3087,2024-08-14,Ativo,
204,Colaborador 204,Feminino,Preta,1971-01-26,Financeiro,Analista Jr,12513,2022-01-31,Ativo,
205,Colaborador 205,Feminino,Parda,2002-12-24,TI,Analista Pleno,11677,2022-02-25,Ativo,
206,Colaborador 206,Masculino,Parda,1982-02-17,Operações,Analista Jr,6579,2020-06-13,Ativo,
207,Colaborador 207,Masculino,Indígena,1994-02-24,RH,Analista Jr,5848,2022-09-25,Ativo,
208,Colaborador 208,Feminino,Indígena,1991-01-17,TI,Analista Pleno,8799,2021-06-03,Desligado,2023-02-17
209,Colaborador 209,Masculino,Branca,1981-08-03,Operações,Analista Senior,6331,2023-07-31,Desligado,2025-08-18
210,Colaborador 210,Masculino,Branca,2000-06-14,Financeiro,Analista Pleno,11933,2021-05-31,Desligado,2022-11-24
211,Colaborador 211,Feminino,Indígena,1991-12-04,Financeiro,Analista Jr,10881,2021-10-18,Ativo,
212,Colaborador 212,Feminino,Indígena,1974-03-02,Marketing,Analista Jr,11672,2021-09-04,Ativo,
213,Colaborador 213,Feminino,Amarela,1994-09-10,Vendas,Analista Jr,12390,2020-06-12,Ativo,
214,Colaborador 214,Masculino,Parda,2005-08-19,Marketing,Estagiário,4215,2024-08-09,Ativo,
215,Colaborador 215,Feminino,Branca,1974-02-09,RH,Analista Senior,13285,2020-03-04,Ativo,
216,Colaborador 216,Masculino,Parda,1988-06-12,TI,Analista Jr,14828,2023-01-19,Ativo,
217,Colaborador 217,Masculino,Parda,1979-01-08,RH,Analista Jr,8950,2023-02-14,Ativo,
218,Colaborador 218,Feminino,Indígena,1983-12-04,Operações,Analista Pleno,7933,2020-09-23,Ativo,
219,Colaborador 219,Feminino,Amarela,1976-08-16,Financeiro,Analista Pleno,3598,2024-09-04,Ativo,
220,Colaborador 220,Feminino,Preta,1994-12-27,Marketing,Analista Pleno,9596,2024-05-01,Ativo,
221,Colaborador 221,Feminino,Amarela,1978-05-01,Marketing,Analista Jr,4826,2023-03-09,Ativo,
222,Colaborador 222,Feminino,Amarela,1982-04-25,Marketing,Analista Jr,13939,2020-09-02,Desligado,2021-07-01
223,Colaborador 223,Masculino,Parda,1974-01-06,RH,Analista Jr,11587,2024-08-11,Ativo,
224,Colaborador 224,Masculino,Amarela,1979-10-02,Financeiro,Analista Jr,8916,2024-11-16,Ativo,
225,Colaborador 225,Masculino,Branca,1971-09-07,TI,Analista Pleno,9480,2021-01-29,Ativo,
226,Colaborador 226,Masculino,Parda,1984-10-06,Operações,Analista Senior,9263,2024-02-19,Ativo,
227,Colaborador 227,Não-binário,Branca,1991-01-24,TI,Analista Pleno,4174,2021-04-20,Desligado,2022-04-22
228,Colaborador 228,Masculino,Preta,1995-09-01,RH,Analista Senior,13601,2024-03-20,Ativo,
229,Colaborador 229,Feminino,Parda,1978-10-29,Operações,Analista Jr,10450,2022-09-03,Ativo,
230,Colaborador 230,Feminino,Preta,1989-07-18,Marketing,Analista Pleno,11622,2023-04-22,Ativo,
231,Colaborador 231,Feminino,Parda,1977-04-21,Vendas,Analista Jr,11415,2022-11-09,Ativo,
232,Colaborador 232,Feminino,Indígena,2009-10-06,RH,Analista Pleno,13632,2021-07-11,Ativo,
233,Colaborador 233,Feminino,Amarela,1991-11-07,RH,Analista Pleno,8549,2022-10-14,Ativo,
234,Colaborador 234,Feminino,Indígena,2006-09-18,Financeiro,Analista Jr,3589,2024-03-27,Ativo,
235,Colaborador 235,Masculino,Preta,1970-05-11,TI,Analista Jr,7078,2024-05-24,Ativo,
236,Colaborador 236,Feminino,Amarela,2006-11-30,RH,Gerente,11627,2024-04-01,Desligado,2026-10-09
237,Colaborador 237,Masculino,Parda,1978-03-03,RH,Analista Jr,12987,2022-06-01,Ativo,
238,Colaborador 238,Masculino,Amarela,1981-09-18,Marketing,Estagiário,2655,2020-05-26,Ativo,
239,Colaborador 239,Feminino,Branca,1989-07-06,Marketing,Analista Jr,11762,2021-10-27,Ativo,
240,Colaborador 240,Masculino,Amarela,2004-08-21,Operações,Analista Senior,4458,2023-08-20,Ativo,
241,Colaborador 241,Feminino,Branca,1992-07-14,Vendas,Analista Pleno,13193,2021-09-11,Ativo,
242,Colaborador 242,Feminino,Amarela,1991-01-25,Financeiro,Analista Pleno,8844,2024-11-06,Ativo,
243,Colaborador 243,Feminino,Branca,2003-04-09,Vendas,Analista Jr,8279,2022-03-30,Ativo,
244,Colaborador 244,Masculino,Preta,1988-03-07,Operações,Analista Pleno,14911,2022-05-13,Ativo,
245,Colaborador 245,Masculino,Indígena,2002-04-02,Marketing,Analista Jr,8644,2021-08-04,Ativo,
246,Colaborador 246,Feminino,Parda,1984-12-21,TI,Analista Senior,7563,2022-10-19,Ativo,
247,Colaborador 247,Masculino,Amarela,1972-07-09,Marketing,Analista Pleno,6330,2021-11-25,Ativo,
248,Colaborador 248,Não-binário,Indígena,1990-09-17,Financeiro,Analista Jr,11546,2024-11-20,Ativo,
249,Colaborador 249,Não-binário,Parda,2000-01-05,Marketing,Estagiário,11331,2023-06-05,Desligado,2025-10-11
250,Colaborador 250,Feminino,Parda,2003-09-08,Financeiro,Estagiário,12930,2023-01-30,Ativo,
251,Colaborador 251,Masculino,Branca,1993-10-11,Financeiro,Analista Jr,12294,2024-05-29,Ativo,
252,Colaborador 252,Masculino,Preta,2007-08-12,Financeiro,Analista Jr,9159,2023-12-11,Ativo,
253,Colaborador 253,Feminino,Preta,1995-07-12,Operações,Analista Pleno,2941,2023-05-24,Ativo,
254,Colaborador 254,Masculino,Indígena,2002-01-26,Financeiro,Analista Pleno,8540,2021-02-10,Ativo,
255,Colaborador 255,Masculino,Preta,1993-04-12,Financeiro,Analista Jr,8425,2021-02-02,Desligado,2022-09-24
256,Colaborador 256,Feminino,Amarela,1994-06-14,TI,Estagiário,9858,2021-12-15,Ativo,
257,Colaborador 257,Feminino,Preta,1978-11-16,Vendas,Estagiário,7128,2021-12-04,Desligado,2024-02-17
258,Colaborador 258,Feminino,Indígena,1971-06-30,RH,Analista Senior,8870,2022-01-30,Ativo,
259,Colaborador 259,Feminino,Preta,1999-03-03,Vendas,Analista Jr,12028,2021-05-13,Ativo,
260,Colaborador 260,Masculino,Amarela,1981-11-25,Financeiro,Analista Pleno,14392,2024-11-12,Ativo,
261,Colaborador 261,Feminino,Branca,2005-09-20,TI,Analista Senior,3448,2024-01-28,Ativo,
262,Colaborador 262,Não-binário,Indígena,1997-05-15,Marketing,Analista Pleno,14065,2024-09-10,Ativo,
263,Colaborador 263,Masculino,Branca,2001-03-23,TI,Analista Senior,10679,2022-08-31,Ativo,
264,Colaborador 264,Feminino,Branca,2007-03-13,Financeiro,Analista Jr,8615,2024-10-20,Desligado,2025-12-25
265,Colaborador 265,Feminino,Branca,2008-02-10,TI,Gerente,2959,2020-03-22,Ativo,
266,Colaborador 266,Feminino,Parda,1980-06-07,TI,Estagiário,10068,2021-08-26,Ativo,
267,Colaborador 267,Feminino,Parda,2008-11-19,Financeiro,Estagiário,7146,2024-09-06,Ativo,
268,Colaborador 268,Feminino,Branca,1989-09-24,Operações,Analista Pleno,2892,2024-11-09,Ativo,
269,Colaborador 269,Masculino,Indígena,1994-08-28,TI,Gerente,14630,2022-02-10,Ativo,
270,Colaborador 270,Masculino,Amarela,2003-09-21,RH,Analista Senior,4287,2022-06-21,Ativo,
271,Colaborador 271,Feminino,Amarela,2006-04-07,RH,Estagiário,9874,2020-12-30,Desligado,2023-03-08
272,Colaborador 272,Feminino,Preta,1975-07-26,TI,Analista Jr,12949,2020-06-11,Ativo,
273,Colaborador 273,Feminino,Indígena,2004-12-12,Operações,Gerente,3638,2022-12-07,Ativo,
274,Colaborador 274,Feminino,Parda,2004-07-06,Marketing,Analista Jr,14500,2021-05-25,Ativo,
275,Colaborador 275,Feminino,Branca,1993-02-05,Financeiro,Analista Senior,7241,2023-09-14,Ativo,
276,Colaborador 276,Feminino,Preta,2005-09-09,RH,Analista Senior,9918,2020-04-25,Desligado,2022-04-23
277,Colaborador 277,Feminino,Amarela,2005-07-20,Marketing,Analista Pleno,8862,2022-07-29,Ativo,
278,Colaborador 278,Feminino,Parda,1970-09-29,TI,Analista Jr,4954,2020-12-02,Ativo,
279,Colaborador 279,Feminino,Parda,1979-08-13,Marketing,Analista Pleno,12158,2022-05-30,Desligado,2023-10-26
280,Colaborador 280,Feminino,Branca,1974-11-07,Vendas,Analista Jr,6174,2022-01-06,Ativo,
281,Colaborador 281,Feminino,Amarela,1995-11-20,RH,Analista Senior,3877,2022-04-19,Ativo,
282,Colaborador 282,Masculino,Indígena,1999-01-25,TI,Analista Pleno,9201,2020-05-26,Ativo,
283,Colaborador 283,Masculino,Parda,1981-12-10,Financeiro,Analista Senior,5097,2024-05-17,Ativo,
284,Colaborador 284,Masculino,Branca,1989-05-10,Operações,Estagiário,2641,2023-09-08,Ativo,
285,Colaborador 285,Feminino,Indígena,1972-07-09,TI,Diretor,5159,2021-03-18,Ativo,
286,Colaborador 286,Masculino,Amarela,1992-06-04,Financeiro,Analista Jr,7096,2022-04-16,Ativo,
287,Colaborador 287,Masculino,Parda,1979-05-24,Operações,Estagiário,11531,2022-11-02,Ativo,
288,Colaborador 288,Feminino,Indígena,1982-02-22,Operações,Estagiário,14310,2022-07-31,Ativo,
289,Colaborador 289,Masculino,Indígena,2004-09-15,TI,Analista Pleno,8161,2024-02-26,Ativo,
290,Colaborador 290,Feminino,Indígena,1999-08-13,Marketing,Analista Pleno,8642,2024-09-20,Ativo,
291,Colaborador 291,Masculino,Parda,1980-04-18,Marketing,Analista Senior,14609,2020-10-13,Desligado,2021-07-11
292,Colaborador 292,Masculino,Parda,1975-08-13,Operações,Estagiário,8126,2021-12-20,Ativo,
293,Colaborador 293,Feminino,Preta,2002-01-05,Marketing,Estagiário,11287,2023-02-11,Ativo,
294,Colaborador 294,Masculino,Amarela,1973-03-11,Vendas,Analista Pleno,12596,2021-04-24,Ativo,
295,Colaborador 295,Masculino,Branca,1993-06-16,Operações,Analista Jr,10972,2020-01-22,Ativo,
296,Colaborador 296,Feminino,Indígena,1975-07-27,Operações,Analista Pleno,2923,2023-10-04,Ativo,
297,Colaborador 297,Feminino,Preta,1987-09-16,Financeiro,Diretor,9499,2024-10-15,Ativo,
298,Colaborador 298,Masculino,Branca,1970-05-26,Marketing,Gerente,6749,2021-11-13,Desligado,2023-10-23
299,Colaborador 299,Feminino,Preta,2009-01-25,Operações,Gerente,4250,2024-05-08,Ativo,
300,Colaborador 300,Masculino,Parda,1982-01-06,Vendas,Analista Senior,7257,2022-06-24,Ativo,
301,Colaborador 301,Masculino,Indígena,1991-06-12,Financeiro,Analista Jr,4467,2020-11-15,Ativo,
302,Colaborador 302,Feminino,Branca,1993-08-11,TI,Analista Jr,6588,2020-05-05,Desligado,2021-01-02
303,Colaborador 303,Feminino,Branca,1994-05-11,Operações,Analista Pleno,6678,2020-10-03,Ativo,
304,Colaborador 304,Feminino,Branca,1992-05-18,Vendas,Analista Senior,10289,2023-05-12,Ativo,
305,Colaborador 305,Feminino,Branca,2009-02-11,RH,Estagiário,5446,2020-07-12,Ativo,
306,Colaborador 306,Não-binário,Branca,1977-03-17,Vendas,Analista Jr,12141,2024-08-31,Ativo,
307,Colaborador 307,Feminino,Preta,1982-04-22,Vendas,Estagiário,7894,2024-08-14,Ativo,
308,Colaborador 308,Masculino,Indígena,1992-01-22,Financeiro,Analista Pleno,10380,2024-04-19,Ativo,
309,Colaborador 309,Feminino,Parda,1990-07-26,TI,Analista Senior,13023,2021-11-26,Ativo,
310,Colaborador 310,Masculino,Parda,1995-01-25,RH,Analista Senior,7575,2023-08-02,Ativo,
311,Colaborador 311,Masculino,Parda,1998-07-19,Marketing,Analista Jr,12912,2020-02-26,Desligado,2022-06-16
312,Colaborador 312,Masculino,Parda,1998-01-07,Marketing,Gerente,14481,2024-10-23,Ativo,
313,Colaborador 313,Masculino,Preta,1975-01-03,Vendas,Analista Pleno,9730,2023-08-19,Ativo,
314,Colaborador 314,Não-binário,Amarela,1998-03-15,Financeiro,Estagiário,13502,2023-04-01,Ativo,
315,Colaborador 315,Feminino,Indígena,2003-07-27,Financeiro,Analista Jr,4031,2020-01-19,Ativo,
316,Colaborador 316,Feminino,Branca,1994-12-31,Marketing,Analista Jr,5490,2023-10-25,Ativo,
317,Colaborador 317,Masculino,Amarela,1983-02-27,RH,Estagiário,9655,2020-09-20,Ativo,
318,Colaborador 318,Masculino,Parda,1972-03-17,TI,Gerente,6993,2022-03-04,Ativo,
319,Colaborador 319,Masculino,Amarela,1996-06-08,RH,Analista Pleno,11835,2020-04-22,Ativo,
320,Colaborador 320,Masculino,Indígena,1990-07-01,Operações,Analista Senior,3433,2024-02-20,Desligado,2026-01-11
321,Colaborador 321,Feminino,Branca,2007-04-10,Operações,Analista Jr,3960,2023-09-12,Ativo,
322,Colaborador 322,Feminino,Branca,2001-10-12,TI,Estagiário,5223,2021-06-25,Desligado,2022-05-09
323,Colaborador 323,Feminino,Indígena,1992-06-16,Marketing,Analista Pleno,13204,2021-10-08,Desligado,2024-03-03
324,Colaborador 324,Masculino,Indígena,2006-08-13,TI,Estagiário,2785,2021-08-01,Ativo,
325,Colaborador 325,Feminino,Parda,1975-02-12,Financeiro,Analista Pleno,2764,2022-12-24,Ativo,
326,Colaborador 326,Feminino,Branca,2009-11-13,Operações,Gerente,13059,2023-08-08,Desligado,2024-08-06
327,Colaborador 327,Feminino,Amarela,1991-07-28,Vendas,Analista Pleno,9316,2020-01-25,Desligado,2021-02-12
328,Colaborador 328,Feminino,Preta,2010-10-17,Vendas,Analista Pleno,14139,2024-04-21,Desligado,2026-11-28
329,Colaborador 329,Masculino,Preta,2005-10-03,Marketing,Analista Jr,4262,2020-01-01,Ativo,
330,Colaborador 330,Masculino,Indígena,1985-07-31,Financeiro,Estagiário,13740,2022-06-29,Ativo,
331,Colaborador 331,Masculino,Parda,2008-01-17,RH,Estagiário,13073,2024-04-21,Ativo,
332,Colaborador 332,Feminino,Preta,1991-06-07,Financeiro,Analista Pleno,12961,2020-05-20,Desligado,2021-06-17
333,Colaborador 333,Masculino,Branca,1984-11-12,Vendas,Estagiário,2540,2024-11-02,Ativo,
334,Colaborador 334,Masculino,Indígena,1994-11-07,Vendas,Analista Jr,8327,2021-10-09,Ativo,
335,Colaborador 335,Masculino,Amarela,1979-10-05,Operações,Analista Pleno,10759,2020-07-06,Ativo,
336,Colaborador 336,Masculino,Indígena,1973-10-21,Financeiro,Analista Jr,3487,2023-02-25,Ativo,
337,Colaborador 337,Feminino,Amarela,2001-09-28,Financeiro,Analista Jr,10304,2020-07-19,Ativo,
338,Colaborador 338,Feminino,Indígena,1989-12-01,Vendas,Analista Jr,10289,2023-02-24,Ativo,
339,Colaborador 339,Masculino,Indígena,2004-04-05,RH,Gerente,8217,2020-09-13,Ativo,
340,Colaborador 340,Masculino,Indígena,1972-04-04,Marketing,Analista Pleno,14700,2024-08-26,Ativo,
341,Colaborador 341,Feminino,Amarela,1976-03-15,Marketing,Analista Pleno,5698,2021-06-30,Ativo,
342,Colaborador 342,Masculino,Amarela,1972-07-25,Financeiro,Estagiário,7874,2020-07-12,Desligado,2021-09-20
343,Colaborador 343,Masculino,Indígena,2000-02-05,Marketing,Diretor,7290,2021-12-03,Ativo,
344,Colaborador 344,Masculino,Preta,1999-06-03,Vendas,Analista Pleno,9683,2023-02-01,Desligado,2023-12-12
345,Colaborador 345,Masculino,Parda,1987-07-13,Vendas,Analista Jr,5024,2024-04-07,Ativo,
346,Colaborador 346,Feminino,Parda,2008-11-16,Financeiro,Analista Senior,11777,2023-07-12,Ativo,
347,Colaborador 347,Feminino,Parda,1980-07-12,Financeiro,Analista Jr,4979,2022-03-12,Ativo,
348,Colaborador 348,Masculino,Amarela,1974-12-02,Operações,Analista Pleno,12385,2022-07-30,Desligado,2024-08-20
349,Colaborador 349,Masculino,Amarela,1992-07-29,Financeiro,Analista Pleno,13007,2023-11-08,Ativo,
350,Colaborador 350,Feminino,Preta,1989-10-02,RH,Analista Jr,7654,2023-07-07,Ativo,
351,Colaborador 351,Feminino,Parda,1971-12-28,Marketing,Gerente,3278,2021-02-17,Ativo,
352,Colaborador 352,Feminino,Parda,1977-06-29,Financeiro,Analista Pleno,12277,2023-10-13,Ativo,
353,Colaborador 353,Feminino,Indígena,2007-11-15,TI,Analista Pleno,3992,2023-01-03,Ativo,
354,Colaborador 354,Masculino,Amarela,2001-02-09,Operações,Analista Jr,3160,2023-10-10,Ativo,
355,Colaborador 355,Masculino,Parda,2006-07-02,TI,Estagiário,3848,2024-05-26,Ativo,
356,Colaborador 356,Feminino,Preta,1975-03-29,Vendas,Analista Jr,11991,2024-11-29,Ativo,
357,Colaborador 357,Masculino,Preta,2008-07-04,Marketing,Analista Senior,14632,2022-06-28,Desligado,2023-03-22
358,Colaborador 358,Feminino,Parda,1996-10-19,Financeiro,Analista Jr,12678,2020-07-06,Ativo,
359,Colaborador 359,Feminino,Amarela,1997-09-02,TI,Analista Pleno,10351,2024-09-04,Ativo,
360,Colaborador 360,Feminino,Preta,1990-12-19,Marketing,Analista Pleno,9656,2023-08-06,Ativo,
361,Colaborador 361,Masculino,Indígena,1976-10-02,Vendas,Estagiário,4544,2020-02-14,Ativo,
362,Colaborador 362,Feminino,Preta,1999-12-04,RH,Analista Pleno,9868,2024-05-15,Ativo,
363,Colaborador 363,Masculino,Branca,1994-10-03,Operações,Estagiário,6016,2020-03-23,Ativo,
364,Colaborador 364,Feminino,Branca,1998-03-16,Marketing,Gerente,11750,2023-02-20,Ativo,
365,Colaborador 365,Feminino,Amarela,1990-01-08,Marketing,Analista Pleno,11668,2020-12-23,Ativo,
366,Colaborador 366,Masculino,Parda,2009-11-03,RH,Analista Jr,7077,2024-03-31,Ativo,
367,Colaborador 367,Não-binário,Amarela,1992-06-08,Marketing,Analista Jr,3227,2022-12-25,Ativo,
368,Colaborador 368,Feminino,Amarela,2004-01-30,Vendas,Analista Jr,13219,2022-07-24,Ativo,
369,Colaborador 369,Masculino,Amarela,1991-08-25,Vendas,Analista Senior,13828,2024-08-07,Desligado,2025-08-28
370,Colaborador 370,Masculino,Amarela,2003-07-28,RH,Analista Pleno,9968,2021-01-09,Ativo,
371,Colaborador 371,Masculino,Indígena,1983-05-09,Operações,Analista Pleno,2842,2020-06-10,Ativo,
372,Colaborador 372,Masculino,Indígena,1989-12-14,Financeiro,Estagiário,3947,2024-11-04,Ativo,
373,Colaborador 373,Masculino,Preta,1972-06-11,TI,Analista Jr,13071,2023-11-04,Ativo,
374,Colaborador 374,Feminino,Branca,1997-12-27,Financeiro,Estagiário,9081,2024-08-06,Ativo,
375,Colaborador 375,Masculino,Amarela,2001-01-30,Marketing,Analista Pleno,14351,2023-10-13,Ativo,
376,Colaborador 376,Masculino,Preta,1998-12-08,TI,Analista Senior,8817,2023-04-26,Ativo,
377,Colaborador 377,Feminino,Branca,1982-10-20,RH,Analista Jr,3026,2020-11-17,Ativo,
378,Colaborador 378,Masculino,Parda,1975-04-18,RH,Analista Jr,12588,2021-03-25,Desligado,2022-01-27
379,Colaborador 379,Feminino,Indígena,1973-10-12,Operações,Analista Pleno,12765,2024-02-06,Ativo,
380,Colaborador 380,Masculino,Branca,2002-07-05,TI,Analista Senior,9248,2022-11-02,Ativo,
381,Colaborador 381,Masculino,Parda,1973-07-14,Vendas,Analista Pleno,2905,2020-07-02,Ativo,
382,Colaborador 382,Feminino,Branca,1974-06-29,TI,Analista Senior,10486,2020-04-20,Ativo,
383,Colaborador 383,Feminino,Indígena,2006-04-01,Marketing,Analista Jr,12265,2021-05-22,Ativo,
384,Colaborador 384,Feminino,Indígena,1990-07-05,Vendas,Analista Jr,6240,2023-08-06,Ativo,
385,Colaborador 385,Feminino,Preta,1999-10-10,RH,Analista Senior,14966,2020-10-21,Ativo,
386,Colaborador 386,Feminino,Amarela,1995-02-18,TI,Analista Pleno,14919,2024-01-14,Ativo,
387,Colaborador 387,Masculino,Branca,1973-05-03,Financeiro,Analista Jr,4346,2022-06-22,Ativo,
388,Colaborador 388,Masculino,Branca,1983-09-26,Operações,Analista Pleno,3978,2023-05-23,Desligado,2023-11-21
389,Colaborador 389,Feminino,Parda,1988-11-03,Financeiro,Analista Senior,13087,2022-08-31,Ativo,
390,Colaborador 390,Feminino,Indígena,1996-02-21,Operações,Analista Pleno,3271,2021-09-23,Ativo,
391,Colaborador 391,Não-binário,Branca,2004-02-09,Marketing,Analista Pleno,8025,2024-05-09,Desligado,2026-11-28
392,Colaborador 392,Masculino,Indígena,2005-01-25,Financeiro,Analista Jr,11270,2022-11-16,Ativo,
393,Colaborador 393,Masculino,Branca,2007-09-18,TI,Analista Pleno,13593,2024-07-11,Ativo,
394,Colaborador 394,Feminino,Preta,2003-10-02,TI,Analista Pleno,2693,2022-01-02,Ativo,
395,Colaborador 395,Masculino,Amarela,1996-09-13,Financeiro,Analista Senior,4507,2023-06-08,Ativo,
396,Colaborador 396,Feminino,Branca,1996-04-24,TI,Analista Senior,3685,2024-05-07,Ativo,
397,Colaborador 397,Feminino,Indígena,1972-08-12,Marketing,Analista Senior,4894,2020-11-16,Desligado,2021-09-12
398,Colaborador 398,Masculino,Preta,1995-02-14,Vendas,Estagiário,13690,2022-07-01,Ativo,
399,Colaborador 399,Feminino,Branca,1989-12-18,Marketing,Analista Pleno,12484,2023-06-10,Ativo,
400,Colaborador 400,Feminino,Parda,1972-09-01,Operações,Analista Senior,11802,2024-08-20,Ativo,
401,Colaborador 401,Masculino,Amarela,1981-04-26,Marketing,Analista Pleno,6505,2021-03-12,Ativo,
402,Colaborador 402,Feminino,Branca,2010-02-23,Operações,Analista Senior,9929,2022-02-19,Ativo,
403,Colaborador 403,Feminino,Preta,1984-09-14,TI,Analista Senior,4761,2024-04-05,Ativo,
404,Colaborador 404,Feminino,Parda,1980-11-16,Vendas,Analista Pleno,6236,2023-11-27,Ativo,
405,Colaborador 405,Masculino,Preta,1984-07-01,TI,Analista Pleno,14485,2022-12-12,Desligado,2024-06-28
406,Colaborador 406,Feminino,Preta,2008-02-04,RH,Estagiário,12628,2023-08-29,Ativo,
407,Colaborador 407,Masculino,Parda,1994-12-06,TI,Analista Jr,9216,2023-07-28,Ativo,
408,Colaborador 408,Masculino,Preta,2004-11-19,Operações,Analista Pleno,7375,2021-12-26,Desligado,2024-02-27
409,Colaborador 409,Feminino,Parda,1992-07-12,TI,Analista Senior,11421,2020-01-31,Ativo,
410,Colaborador 410,Masculino,Branca,2001-09-14,TI,Analista Jr,6878,2020-12-02,Ativo,
411,Colaborador 411,Masculino,Parda,1997-02-11,Vendas,Estagiário,10315,2020-07-01,Ativo,
412,Colaborador 412,Feminino,Parda,1978-04-09,TI,Analista Pleno,5951,2022-11-12,Ativo,
413,Colaborador 413,Feminino,Amarela,1994-08-10,Vendas,Estagiário,10116,2021-06-27,Ativo,
414,Colaborador 414,Feminino,Parda,1981-01-19,Financeiro,Analista Jr,12832,2024-01-09,Ativo,
415,Colaborador 415,Feminino,Parda,1983-11-17,RH,Estagiário,12336,2023-01-02,Ativo,
416,Colaborador 416,Masculino,Branca,2005-04-07,Vendas,Analista Jr,5300,2022-10-30,Desligado,2023-06-04
417,Colaborador 417,Masculino,Amarela,1984-04-30,Operações,Analista Jr,10833,2024-02-16,Ativo,
418,Colaborador 418,Masculino,Indígena,2000-12-12,Financeiro,Analista Jr,7910,2024-01-19,Ativo,
419,Colaborador 419,Feminino,Branca,1996-01-21,Vendas,Analista Jr,3955,2024-05-08,Ativo,
420,Colaborador 420,Feminino,Branca,2009-11-11,Vendas,Analista Senior,9392,2024-05-06,Ativo,
421,Colaborador 421,Feminino,Indígena,1970-11-14,RH,Analista Pleno,8308,2021-10-21,Ativo,
422,Colaborador 422,Feminino,Parda,1976-07-24,Operações,Analista Pleno,9296,2020-06-08,Ativo,
423,Colaborador 423,Masculino,Preta,1975-12-03,Marketing,Estagiário,7296,2022-11-03,Desligado,2024-04-06
424,Colaborador 424,Feminino,Amarela,1977-07-08,Marketing,Analista Jr,7593,2023-04-16,Ativo,
425,Colaborador 425,Masculino,Preta,2007-05-01,Vendas,Analista Pleno,12788,2021-02-15,Ativo,
426,Colaborador 426,Feminino,Indígena,1974-05-11,TI,Estagiário,3825,2022-10-08,Ativo,
427,Colaborador 427,Masculino,Branca,2000-12-12,Operações,Analista Pleno,7476,2020-02-22,Desligado,2022-05-26
428,Colaborador 428,Feminino,Branca,2008-10-25,Financeiro,Analista Pleno,11905,2021-02-11,Ativo,
429,Colaborador 429,Masculino,Amarela,1986-12-06,TI,Analista Pleno,3659,2022-04-26,Ativo,
430,Colaborador 430,Masculino,Branca,1980-10-05,TI,Estagiário,7150,2022-11-11,Ativo,
431,Colaborador 431,Masculino,Branca,1997-11-23,Operações,Analista Jr,7487,2022-11-19,Desligado,2025-04-30
432,Colaborador 432,Feminino,Amarela,2008-06-30,Vendas,Analista Pleno,7197,2021-12-03,Ativo,
433,Colaborador 433,Feminino,Amarela,1973-08-05,Vendas,Estagiário,2840,2020-09-16,Ativo,
434,Colaborador 434,Masculino,Indígena,1995-12-13,Vendas,Analista Pleno,6328,2023-05-13,Ativo,
435,Colaborador 435,Masculino,Branca,1981-10-21,Vendas,Analista Pleno,4468,2022-12-18,Ativo,
436,Colaborador 436,Feminino,Branca,1990-01-10,Marketing,Diretor,3203,2024-02-03,Ativo,
437,Colaborador 437,Masculino,Indígena,1976-07-11,Vendas,Analista Jr,7982,2022-02-14,Ativo,
438,Colaborador 438,Feminino,Parda,1978-11-14,Marketing,Analista Senior,13121,2024-01-29,Ativo,
439,Colaborador 439,Feminino,Parda,1975-11-10,Marketing,Analista Pleno,8876,2022-11-01,Ativo,
440,Colaborador 440,Masculino,Parda,2010-03-20,Vendas,Analista Jr,4300,2024-07-12,Ativo,
441,Colaborador 441,Masculino,Indígena,2010-10-24,RH,Estagiário,7963,2023-08-06,Ativo,
442,Colaborador 442,Não-binário,Branca,1974-09-01,Financeiro,Analista Pleno,7412,2022-04-29,Desligado,2022-11-15
443,Colaborador 443,Masculino,Indígena,1988-12-16,TI,Analista Jr,7148,2024-11-18,Ativo,
444,Colaborador 444,Masculino,Indígena,1970-12-29,Marketing,Analista Jr,3355,2020-12-19,Desligado,2022-02-13
445,Colaborador 445,Feminino,Parda,1977-02-17,Operações,Estagiário,12504,2024-07-20,Ativo,
446,Colaborador 446,Feminino,Preta,1997-02-16,Operações,Analista Senior,5366,2023-01-03,Ativo,
447,Colaborador 447,Não-binário,Branca,2006-11-29,Financeiro,Analista Senior,14334,2022-05-22,Ativo,
448,Colaborador 448,Feminino,Parda,2004-08-13,Operações,Analista Pleno,2682,2024-10-05,Ativo,
449,Colaborador 449,Masculino,Preta,1981-09-26,RH,Analista Jr,5612,2024-05-03,Desligado,2026-01-27
450,Colaborador 450,Masculino,Preta,1980-03-27,Operações,Analista Jr,8170,2024-06-02,Ativo,
451,Colaborador 451,Feminino,Amarela,1976-10-05,TI,Analista Pleno,6992,2024-01-04,Ativo,
452,Colaborador 452,Feminino,Branca,1983-02-17,TI,Analista Pleno,8323,2022-09-17,Ativo,
453,Colaborador 453,Masculino,Preta,1986-11-03,Marketing,Analista Jr,4017,2023-06-18,Desligado,2025-08-26
454,Colaborador 454,Feminino,Parda,2009-08-12,Vendas,Analista Pleno,7502,2022-10-14,Ativo,
455,Colaborador 455,Masculino,Amarela,1971-07-11,RH,Diretor,3856,2023-03-23,Ativo,
456,Colaborador 456,Feminino,Branca,1994-09-09,Marketing,Analista Pleno,12866,2023-01-24,Ativo,
457,Colaborador 457,Masculino,Indígena,1977-09-09,RH,Analista Pleno,6129,2024-10-15,Ativo,
458,Colaborador 458,Masculino,Parda,1984-02-07,Vendas,Gerente,6128,2020-10-20,Ativo,
459,Colaborador 459,Masculino,Preta,2010-09-18,Operações,Analista Jr,14788,2020-07-27,Ativo,
460,Colaborador 460,Masculino,Preta,2004-10-22,Operações,Analista Pleno,13931,2023-09-28,Ativo,
461,Colaborador 461,Masculino,Parda,1990-09-14,Vendas,Gerente,14383,2023-01-16,Ativo,
462,Colaborador 462,Feminino,Preta,1977-06-12,Marketing,Analista Jr,10710,2022-03-28,Ativo,
463,Colaborador 463,Feminino,Amarela,1987-10-25,Vendas,Analista Pleno,14095,2024-12-04,Ativo,
464,Colaborador 464,Feminino,Branca,2002-01-13,Financeiro,Analista Pleno,13696,2021-01-24,Ativo,
465,Colaborador 465,Não-binário,Amarela,1980-03-30,TI,Analista Pleno,8632,2020-11-20,Ativo,
466,Colaborador 466,Masculino,Preta,1996-09-27,Marketing,Analista Pleno,11824,2022-07-28,Ativo,
467,Colaborador 467,Masculino,Indígena,1980-12-12,RH,Gerente,14031,2022-06-07,Ativo,
468,Colaborador 468,Feminino,Branca,1998-04-05,Financeiro,Analista Senior,9088,2023-03-26,Ativo,
469,Colaborador 469,Masculino,Branca,1976-07-31,Marketing,Estagiário,5811,2021-10-29,Desligado,2023-02-23
470,Colaborador 470,Não-binário,Parda,2001-07-18,Vendas,Analista Senior,8548,2024-08-01,Ativo,
471,Colaborador 471,Masculino,Parda,1994-01-15,Vendas,Analista Jr,14064,2021-09-24,Ativo,
472,Colaborador 472,Não-binário,Indígena,1997-12-09,Vendas,Analista Jr,8746,2021-07-30,Ativo,
473,Colaborador 473,Masculino,Branca,1996-08-31,Vendas,Analista Pleno,3487,2024-06-30,Ativo,
474,Colaborador 474,Feminino,Indígena,1970-10-22,RH,Analista Pleno,5821,2024-08-09,Ativo,
475,Colaborador 475,Feminino,Parda,1997-11-12,Financeiro,Analista Jr,7115,2020-05-16,Ativo,
476,Colaborador 476,Não-binário,Parda,1984-08-18,Operações,Gerente,10865,2024-08-24,Ativo,
477,Colaborador 477,Masculino,Branca,2007-11-19,TI,Analista Pleno,6241,2021-03-03,Ativo,
478,Colaborador 478,Feminino,Amarela,2000-12-18,RH,Analista Pleno,5552,2024-01-15,Ativo,
479,Colaborador 479,Não-binário,Preta,1997-01-21,RH,Estagiário,9074,2021-09-03,Ativo,
480,Colaborador 480,Feminino,Parda,1973-02-10,Operações,Gerente,3226,2022-06-29,Ativo,
481,Colaborador 481,Feminino,Parda,2007-01-31,Operações,Gerente,6260,2022-03-29,Ativo,
482,Colaborador 482,Feminino,Amarela,1975-08-27,TI,Analista Senior,8306,2020-05-20,Ativo,
483,Colaborador 483,Masculino,Amarela,2004-08-17,TI,Estagiário,4375,2023-01-11,Desligado,2025-02-24
484,Colaborador 484,Feminino,Indígena,1989-03-11,Operações,Estagiário,9493,2020-06-25,Ativo,
485,Colaborador 485,Feminino,Indígena,2005-07-23,Vendas,Analista Jr,6533,2020-07-16,Desligado,2022-08-29
486,Colaborador 486,Feminino,Preta,1982-06-10,RH,Estagiário,7943,2021-09-15,Ativo,
487,Colaborador 487,Masculino,Preta,2010-04-01,Marketing,Analista Jr,3489,2024-05-10,Desligado,2027-01-17
488,Colaborador 488,Masculino,Branca,2005-06-28,TI,Gerente,6244,2021-11-21,Desligado,2022-07-27
489,Colaborador 489,Feminino,Indígena,1972-10-04,TI,Analista Pleno,13378,2023-12-15,Ativo,
490,Colaborador 490,Feminino,Parda,1984-11-28,Operações,Estagiário,11111,2021-02-04,Ativo,
491,Colaborador 491,Masculino,Indígena,1999-04-25,Financeiro,Analista Jr,3093,2024-09-17,Ativo,
492,Colaborador 492,Feminino,Parda,2010-05-20,Marketing,Estagiário,4274,2021-04-15,Ativo,
493,Colaborador 493,Masculino,Amarela,2002-01-31,Marketing,Estagiário,13151,2020-08-05,Ativo,
494,Colaborador 494,Masculino,Indígena,2005-03-31,TI,Analista Jr,3435,2022-07-17,Ativo,
495,Colaborador 495,Masculino,Amarela,1984-08-27,Vendas,Analista Jr,6308,2024-10-18,Ativo,
496,Colaborador 496,Masculino,Preta,1995-11-05,Financeiro,Analista Senior,2831,2021-09-23,Ativo,
497,Colaborador 497,Feminino,Preta,2006-05-13,Marketing,Gerente,14141,2022-08-08,Ativo,
498,Colaborador 498,Masculino,Branca,2003-02-11,TI,Analista Jr,10422,2022-06-24,Ativo,
499,Colaborador 499,Não-binário,Indígena,1973-12-06,Marketing,Analista Jr,5202,2020-06-23,Ativo,
500,Colaborador 500,Não-binário,Amarela,1971-07-26,Financeiro,Analista Senior,14698,2020-01-23,Ativo,
